,0,1
0,Abilify,/abilify.html
1,Abilify Asimtufii,/abilify-asimtufii.html
2,Abilify Maintena,/abilify-maintena.html
3,Abiraterone,/abiraterone.html
4,Acetaminophen,/acetaminophen.html
5,Acetylcysteine,/mtm/acetylcysteine.html
6,Actemra,/actemra.html
7,Actos,/actos.html
8,Acyclovir,/acyclovir.html
9,Adderall,/adderall.html
10,Adderall XR,/mtm/adderall-xr.html
11,Advair Diskus,/mtm/advair-diskus.html
12,Advil,/advil.html
13,Afinitor,/afinitor.html
14,Agamree,/agamree.html
15,Aimovig,/aimovig.html
16,Ajovy,/ajovy.html
17,Albuterol,/albuterol.html
18,Aldactone,/aldactone.html
19,Alecensa,/alecensa.html
20,Alendronate,/mtm/alendronate.html
21,Aleve,/aleve.html
22,Alfuzosin,/mtm/alfuzosin.html
23,Allegra,/allegra.html
24,Allopurinol,/allopurinol.html
25,Alprazolam,/alprazolam.html
26,Alprolix,/alprolix.html
27,Alunbrig,/alunbrig.html
28,Amantadine,/amantadine.html
29,Ambien,/ambien.html
30,Ambroxol,/ambroxol.html
31,Amiodarone,/amiodarone.html
32,Amitriptyline,/amitriptyline.html
33,Amlodipine,/amlodipine.html
34,Amoxicillin,/amoxicillin.html
35,Amoxicillin and Clavulanate,/amoxicillin_clavulanate.html
36,Anastrozole,/mtm/anastrozole.html
37,AndroGel,/androgel.html
38,Annovera,/annovera.html
39,Apalutamide,/apalutamide.html
40,Apixaban,/mtm/apixaban.html
41,Apokyn,/apokyn.html
42,Apriso,/apriso.html
43,Aptiom,/aptiom.html
44,Aricept,/aricept.html
45,Arikayce,/arikayce.html
46,Arimidex,/arimidex.html
47,Aripiprazole,/aripiprazole.html
48,Aristada,/aristada.html
49,Aromasin,/aromasin.html
50,Ascorbic acid,/mtm/ascorbic-acid.html
51,Aspirin,/aspirin.html
52,Atarax,/atarax.html
53,Atenolol,/atenolol.html
54,Ativan,/ativan.html
55,Atogepant,/atogepant.html
56,Atomoxetine,/atomoxetine.html
57,Atorvastatin,/atorvastatin.html
58,Aubagio,/aubagio.html
59,Augmentin,/augmentin.html
60,Austedo,/austedo.html
61,Auvelity,/auvelity.html
62,Avonex,/avonex.html
63,Avsola,/avsola.html
64,Azathioprine,/mtm/azathioprine.html
65,Azelastine,/pro/azelastine.html
66,Azilect,/azilect.html
67,Azithromycin,/azithromycin.html
68,Azulfidine,/mtm/azulfidine.html
69,Bacitracin,/pro/bacitracin.html
70,Bacitracin topical,/mtm/bacitracin-topical.html
71,Baclofen,/baclofen.html
72,Bactrim,/bactrim.html
73,Bactroban,/bactroban.html
74,Balsalazide,/mtm/balsalazide.html
75,Banzel,/banzel.html
76,Baqsimi,/baqsimi.html
77,Basaglar,/basaglar.html
78,Bavencio,/bavencio.html
79,Belbuca,/belbuca.html
80,Belsomra,/belsomra.html
81,Benadryl,/benadryl.html
82,Benazepril,/mtm/benazepril.html
83,Bendeka,/mtm/bendeka.html
84,Benicar,/benicar.html
85,Benlysta,/benlysta.html
86,Bentyl,/bentyl.html
87,Benzonatate,/benzonatate.html
88,Benztropine,/mtm/benztropine.html
89,Berinert,/berinert.html
90,Betadine,/mtm/betadine.html
91,Betamethasone,/betamethasone-topical.html
92,Betaseron,/betaseron.html
93,Bevacizumab,/bevacizumab.html
94,Beyfortus,/beyfortus.html
95,Bicalutamide,/bicalutamide.html
96,Biktarvy,/biktarvy.html
97,Biotin,/mtm/biotin.html
98,Bisacodyl,/pro/bisacodyl.html
99,Bisoprolol,/bisoprolol.html
100,Blincyto,/blincyto.html
101,Boniva,/boniva.html
102,Botox,/botox.html
103,Breo Ellipta,/breo-ellipta.html
104,Brexpiprazole,/mtm/brexpiprazole.html
105,Breyanzi,/breyanzi.html
106,Breztri Aerosphere,/breztri-aerosphere.html
107,Brilinta,/brilinta.html
108,Brimonidine,/pro/brimonidine.html
109,Briumvi,/briumvi.html
110,Briviact,/briviact.html
111,Brukinsa,/brukinsa.html
112,Bryhali,/bryhali.html
113,Budesonide,/mtm/budesonide.html
114,Budesonide and formoterol,/cons/budesonide-and-formoterol.html
115,Bumetanide,/pro/bumetanide.html
116,Bumex,/pro/bumex.html
117,Bunavail,/bunavail.html
118,Bupivacaine,/mtm/bupivacaine.html
119,Buprenex,/buprenex.html
120,Buprenorphine,/buprenorphine.html
121,Buprenorphine/naloxone,/cons/buprenorphine-naloxone.html
122,Bupropion,/bupropion.html
123,Buspar,/buspar.html
124,Buspirone,/buspirone.html
125,Bystolic,/bystolic.html
126,Cabenuva,/cabenuva.html
127,Cabometyx,/cabometyx.html
128,Calcitriol,/mtm/calcitriol.html
129,Calcium carbonate,/mtm/calcium-carbonate.html
130,Calquence,/calquence.html
131,Canasa,/canasa.html
132,Candesartan,/mtm/candesartan.html
133,Caplyta,/caplyta.html
134,Carbamazepine,/carbamazepine.html
135,Carbidopa and levodopa,/mtm/carbidopa-and-levodopa.html
136,Carvedilol,/carvedilol.html
137,Carvykti,/carvykti.html
138,Casodex,/casodex.html
139,Cefdinir,/mtm/cefdinir.html
140,Cefixime,/cefixime.html
141,Ceftriaxone,/pro/ceftriaxone.html
142,Cefuroxime,/monograph/cefuroxime.html
143,Celebrex,/celebrex.html
144,Celecoxib,/celecoxib.html
145,Celexa,/celexa.html
146,Cephalexin,/cephalexin.html
147,Cequa,/cequa.html
148,Cetirizine,/cetirizine-hcl.html
149,Chlorpheniramine,/mtm/chlorpheniramine.html
150,Chlorthalidone,/mtm/chlorthalidone.html
151,Cholecalciferol,/mtm/cholecalciferol.html
152,Cialis,/cialis.html
153,Cilostazol,/mtm/cilostazol.html
154,Cimzia,/cimzia.html
155,Cinryze,/cinryze.html
156,Cipro,/cipro.html
157,Ciprofloxacin,/ciprofloxacin.html
158,Citalopram,/citalopram.html
159,Clarithromycin,/clarithromycin.html
160,Claritin,/claritin.html
161,Clindamycin,/clindamycin.html
162,Clobetasol,/clobetasol-topical.html
163,Clobex,/mtm/clobex.html
164,Clodan,/mtm/clodan.html
165,Clonazepam,/clonazepam.html
166,Clonidine,/clonidine.html
167,Clopidogrel,/mtm/clopidogrel.html
168,Clotrimazole,/mtm/clotrimazole.html
169,Codeine,/codeine.html
170,Colace,/colace.html
171,Colazal,/mtm/colazal.html
172,Colchicine,/colchicine.html
173,Concerta,/concerta.html
174,Coreg,/coreg.html
175,Cosentyx,/cosentyx.html
176,Coumadin,/coumadin.html
177,Crestor,/crestor.html
178,Cyanocobalamin,/mtm/cyanocobalamin.html
179,Cyclobenzaprine,/cyclobenzaprine.html
180,Cymbalta,/cymbalta.html
181,Dapagliflozin,/dapagliflozin.html
182,Darzalex,/darzalex.html
183,Dayvigo,/dayvigo.html
184,Decadron,/mtm/decadron.html
185,Degarelix,/degarelix.html
186,Delzicol,/delzicol.html
187,Denosumab,/denosumab.html
188,Depakote,/depakote.html
189,Descovy,/descovy.html
190,Desloratadine,/mtm/desloratadine.html
191,Desvenlafaxine,/mtm/desvenlafaxine.html
192,Desyrel,/mtm/desyrel.html
193,Detrol,/detrol.html
194,Dexamethasone,/dexamethasone.html
195,Dexilant,/mtm/dexilant.html
196,Dexlansoprazole,/mtm/dexlansoprazole.html
197,Dextroamphetamine,/mtm/dextroamphetamine.html
198,Dextromethorphan,/dextromethorphan.html
199,Dextrose,/dextrose.html
200,Diacomit,/diacomit.html
201,Diastat,/diastat-acudial.html
202,Diazepam,/diazepam.html
203,Diclofenac,/diclofenac.html
204,Dicyclomine,/mtm/dicyclomine.html
205,Diflucan,/diflucan.html
206,Digoxin,/digoxin.html
207,Dilantin,/dilantin.html
208,Dilaudid,/dilaudid.html
209,Diltiazem,/diltiazem.html
210,Diovan,/diovan.html
211,Dipentum,/mtm/dipentum.html
212,Diphenhydramine,/diphenhydramine.html
213,Diprolene,/mtm/diprolene.html
214,Divalproex,/pro/divalproex.html
215,Divalproex sodium,/mtm/divalproex-sodium.html
216,Docusate Sodium,/pro/docusate-sodium.html
217,Donepezil,/donepezil.html
218,Dopamine,/dopamine.html
219,Doxazosin,/doxazosin.html
220,Doxepin,/pro/doxepin.html
221,Doxycycline,/doxycycline.html
222,Doxycycline Hyclate,/pro/doxycycline-hyclate.html
223,Doxylamine,/mtm/doxylamine.html
224,Dramamine,/mtm/dramamine.html
225,Dulaglutide,/mtm/dulaglutide.html
226,Dulcolax,/dulcolax.html
227,Duloxetine,/duloxetine.html
228,Duopa,/duopa.html
229,Dupixent,/dupixent.html
230,Dutasteride,/mtm/dutasteride.html
231,Ecotrin,/mtm/ecotrin.html
232,Effexor,/pro/effexor.html
233,Effexor XR,/effexor.html
234,Elagolix,/elagolix.html
235,Elavil,/elavil.html
236,Eletriptan,/mtm/eletriptan.html
237,Eligard,/eligard.html
238,Eliquis,/eliquis.html
239,Emgality,/emgality.html
240,Empagliflozin,/mtm/empagliflozin.html
241,Empaveli,/empaveli.html
242,Enalapril,/enalapril.html
243,Enbrel,/enbrel.html
244,Enhertu,/enhertu.html
245,Enoxaparin,/mtm/enoxaparin.html
246,Entresto,/entresto.html
247,Entyvio,/entyvio.html
248,Enzalutamide,/enzalutamide.html
249,Epclusa,/epclusa.html
250,Epidiolex,/epidiolex.html
251,Epinephrine,/monograph/epinephrine.html
252,EpiPen,/epipen-auto-injector.html
253,Eplerenone,/mtm/eplerenone.html
254,Epoetin alfa,/mtm/epoetin-alfa.html
255,Ergocalciferol,/mtm/ergocalciferol.html
256,Erleada,/erleada.html
257,Ertapenem,/mtm/ertapenem.html
258,Erythromycin,/erythromycin.html
259,Escitalopram,/escitalopram.html
260,Esomeprazole,/mtm/esomeprazole.html
261,Estrace,/estrace.html
262,Estradiol,/estradiol.html
263,Eszopiclone,/mtm/eszopiclone.html
264,Etanercept,/etanercept.html
265,Ethambutol,/mtm/ethambutol.html
266,Etodolac,/etodolac.html
267,Eulexin,/cons/eulexin.html
268,Euthyrox,/euthyrox.html
269,Evenity,/evenity.html
270,Evista,/evista.html
271,Evkeeza,/evkeeza.html
272,Evolocumab,/evolocumab.html
273,Evusheld,/evusheld.html
274,Excedrin,/excedrin.html
275,Excedrin Migraine,/excedrin-migraine.html
276,Exemestane,/exemestane.html
277,Extavia,/extavia.html
278,Eysuvis,/eysuvis.html
279,Ezetimibe,/ezetimibe.html
280,Famotidine,/famotidine.html
281,Farxiga,/farxiga.html
282,Fasenra,/fasenra.html
283,Faslodex,/faslodex.html
284,Febuxostat,/mtm/febuxostat.html
285,Felodipine,/mtm/felodipine.html
286,Femara,/femara.html
287,Fenofibrate,/fenofibrate.html
288,Fentanyl,/fentanyl.html
289,FeroSul,/mtm/ferosul.html
290,Ferrous gluconate,/mtm/ferrous-gluconate.html
291,Ferrous Sulfate,/ferrous_sulfate.html
292,Fexofenadine,/fexofenadine.html
293,Fiasp,/fiasp.html
294,Finasteride,/finasteride.html
295,Fintepla,/fintepla.html
296,Fioricet,/fioricet.html
297,Firazyr,/firazyr.html
298,Firmagon,/firmagon.html
299,Fish Oil,/fish_oil.html
300,Flagyl,/flagyl.html
301,Flecainide,/mtm/flecainide.html
302,Flexeril,/flexeril.html
303,Flomax,/flomax.html
304,Flonase,/flonase.html
305,Flovent,/flovent.html
306,Flovent HFA,/mtm/flovent-hfa.html
307,Fluconazole,/fluconazole.html
308,Fludrocortisone,/mtm/fludrocortisone.html
309,FluMist Vaccine,/flumist.html
310,Fluocinonide,/fluocinonide-topical.html
311,Fluorescein,/cons/fluorescein.html
312,Fluorouracil,/monograph/fluorouracil.html
313,Fluoxetine,/fluoxetine.html
314,Fluphenazine,/mtm/fluphenazine.html
315,Flutamide,/flutamide.html
316,Fluticasone,/pro/fluticasone.html
317,Fluticasone and salmeterol,/mtm/fluticasone-and-salmeterol.html
318,Fluticasone nasal,/mtm/fluticasone-nasal.html
319,Fluvoxamine,/mtm/fluvoxamine.html
320,Focalin,/focalin.html
321,Focalin XR,/mtm/focalin-xr.html
322,Folic Acid,/folic_acid.html
323,Forteo,/forteo.html
324,Fosamax,/fosamax.html
325,Fosfomycin,/mtm/fosfomycin.html
326,Fulvestrant,/fulvestrant.html
327,Furosemide,/furosemide.html
328,Fycompa,/fycompa.html
329,Gabapentin,/gabapentin.html
330,Gabapentin enacarbil,/cons/gabapentin-enacarbil.html
331,Galantamine,/mtm/galantamine.html
332,Garlic,/mtm/garlic.html
333,Gas-X,/mtm/gas-x.html
334,GaviLyte G,/pro/gavilyte-g.html
335,Gaviscon,/mtm/gaviscon.html
336,Gaviscon Extra Strength,/mtm/gaviscon-extra-strength.html
337,Gavreto,/gavreto.html
338,Gazyva,/gazyva.html
339,Gemcitabine,/mtm/gemcitabine.html
340,Gemfibrozil,/gemfibrozil.html
341,Gemtesa,/gemtesa.html
342,Genotropin,/mtm/genotropin.html
343,Gentamicin,/mtm/gentamicin.html
344,Genvoya,/genvoya.html
345,Geodon,/geodon.html
346,Giazo,/mtm/giazo.html
347,Gilenya,/gilenya.html
348,Ginger,/mtm/ginger.html
349,Ginkgo,/mtm/ginkgo.html
350,Ginkgo Biloba,/mtm/ginkgo-biloba.html
351,Ginseng,/npc/ginseng.html
352,Glatiramer,/cons/glatiramer.html
353,Gleevec,/gleevec.html
354,Glimepiride,/mtm/glimepiride.html
355,Glipizide,/glipizide.html
356,Glucagon,/glucagon.html
357,Glucophage,/glucophage.html
358,Glucosamine,/mtm/glucosamine.html
359,Glucotrol,/glucotrol.html
360,Glutathione,/npc/glutathione.html
361,Glyburide,/glyburide.html
362,Glycerin,/cons/glycerin.html
363,Glycine,/pro/glycine.html
364,Glycopyrrolate,/mtm/glycopyrrolate.html
365,Glyxambi,/glyxambi.html
366,Gocovri,/gocovri.html
367,GoLYTELY,/mtm/golytely.html
368,Gralise,/gralise.html
369,Granisetron,/mtm/granisetron.html
370,Griseofulvin,/mtm/griseofulvin.html
371,Guaifenesin,/guaifenesin.html
372,Guanfacine,/mtm/guanfacine.html
373,Gvoke HypoPen,/gvoke.html
374,Haegarda,/haegarda.html
375,Haldol,/mtm/haldol.html
376,Haldol Decanoate,/cons/haldol-decanoate.html
377,Halobetasol,/halobetasol-topical.html
378,Haloperidol,/mtm/haloperidol.html
379,Harvoni,/harvoni.html
380,Hemgenix,/hemgenix.html
381,Heparin,/heparin.html
382,Heparin Sodium,/monograph/heparin-sodium.html
383,Hepatitis B adult vaccine,/mtm/hepatitis-b-adult-vaccine.html
384,Herceptin,/herceptin.html
385,Hibiclens,/mtm/hibiclens.html
386,Hiprex,/mtm/hiprex.html
387,Histrelin,/mtm/histrelin-implant.html
388,Hizentra,/hizentra.html
389,Horizant,/horizant.html
390,Humalog,/humalog.html
391,Humira,/humira.html
392,Humulin N,/humulin_n.html
393,Humulin R,/humulin-r.html
394,Humulin RU 500,/mtm/humulin-r-concentrated-u-500.html
395,Hydralazine,/mtm/hydralazine.html
396,Hydrea,/mtm/hydrea.html
397,Hydrochlorothiazide,/hydrochlorothiazide.html
398,Hydrochlorothiazide and lisinopril,/mtm/hydrochlorothiazide-and-lisinopril.html
399,Hydrochlorothiazide and losartan,/mtm/hydrochlorothiazide-and-losartan.html
400,Hydrochlorothiazide and olmesartan,/mtm/hydrochlorothiazide-and-olmesartan.html
401,Hydrochlorothiazide and triamterene,/mtm/hydrochlorothiazide-and-triamterene.html
402,Hydrochlorothiazide and valsartan,/mtm/hydrochlorothiazide-and-valsartan.html
403,Hydrocodone,/hydrocodone.html
404,Hydrocodone and Acetaminophen,/acetaminophen_hydrocodone.html
405,Hydrocodone and ibuprofen,/mtm/hydrocodone-and-ibuprofen.html
406,Hydrocortisone,/hydrocortisone.html
407,Hydrocortisone (Topical),/monograph/hydrocortisone-topical.html
408,Hydromorphone,/mtm/hydromorphone.html
409,Hydroquinone topical,/mtm/hydroquinone-topical.html
410,Hydroxychloroquine,/hydroxychloroquine.html
411,Hydroxyurea,/mtm/hydroxyurea.html
412,Hydroxyzine,/hydroxyzine.html
413,Hydroxyzine Pamoate,/pro/hydroxyzine-pamoate.html
414,Hyoscyamine,/mtm/hyoscyamine.html
415,Hyosyne,/pro/hyosyne.html
416,Hytrin,/hytrin.html
417,Hyzaar,/hyzaar.html
418,Ibandronate,/monograph/ibandronate.html
419,Ibrance,/ibrance.html
420,Ibu,/mtm/ibu.html
421,Ibuprofen,/ibuprofen.html
422,Iclusig,/iclusig.html
423,Icosapent,/mtm/icosapent.html
424,Idhifa,/idhifa.html
425,Ilumya,/ilumya.html
426,Imatinib,/imatinib.html
427,Imbruvica,/imbruvica.html
428,Imdur,/imdur.html
429,Imfinzi,/imfinzi.html
430,Imipramine,/mtm/imipramine.html
431,Imiquimod,/cons/imiquimod.html
432,Imitrex,/imitrex.html
433,Imodium,/pro/imodium.html
434,Impoyz,/impoyz-cream.html
435,Imuran,/mtm/imuran.html
436,Inbrija,/inbrija.html
437,Incruse Ellipta,/incruse-ellipta.html
438,Indapamide,/mtm/indapamide.html
439,Inderal,/inderal.html
440,Indomethacin,/mtm/indomethacin.html
441,Infed,/mtm/infed.html
442,Inflectra,/inflectra.html
443,Infliximab,/infliximab.html
444,Ingrezza,/ingrezza.html
445,Injectafer,/injectafer.html
446,Inlyta,/inlyta.html
447,Inrebic,/inrebic.html
448,Insulin Aspart,/mtm/insulin-aspart.html
449,Insulin Detemir,/insulin-detemir.html
450,Insulin Glargine,/insulin-glargine.html
451,Insulin Lispro,/insulin-lispro.html
452,Insulin Regular,/insulin-regular.html
453,Intuniv,/intuniv.html
454,Invega,/invega.html
455,Invega Sustenna,/invega-sustenna.html
456,Invokana,/invokana.html
457,Iopamidol,/mtm/iopamidol.html
458,Ipratropium,/pro/ipratropium.html
459,Irbesartan,/mtm/irbesartan.html
460,Isoniazid,/mtm/isoniazid.html
461,Isosorbide,/isosorbide_mononitrate.html
462,Isosorbide dinitrate,/mtm/isosorbide-dinitrate.html
463,Isosorbide Mononitrate,/pro/isosorbide-mononitrate.html
464,Isotretinoin,/mtm/isotretinoin.html
465,Itraconazole,/mtm/itraconazole.html
466,Ivabradine,/mtm/ivabradine.html
467,Ivermectin,/ivermectin.html
468,Jadelle,/cons/jadelle.html
469,Jadenu,/jadenu.html
470,Jaimiess,/pro/jaimiess.html
471,Jakafi,/jakafi.html
472,Jalyn,/jalyn.html
473,Jantoven,/mtm/jantoven.html
474,Janumet,/janumet.html
475,Janumet XR,/mtm/janumet-xr.html
476,Januvia,/januvia.html
477,Jardiance,/jardiance.html
478,Jasmiel,/mtm/jasmiel.html
479,Jatenzo,/jatenzo.html
480,Jaypirca,/jaypirca.html
481,Jemperli,/jemperli.html
482,Jencycla,/mtm/jencycla.html
483,Jentadueto,/jentadueto.html
484,Jentadueto XR,/mtm/jentadueto-xr.html
485,Jevtana,/jevtana.html
486,Jinteli,/cons/jinteli.html
487,Jolessa,/cons/jolessa.html
488,Jornay PM,/jornay-pm.html
489,Jubbonti,/jubbonti.html
490,Jublia,/jublia.html
491,Jujube,/npp/jujube.html
492,Juleber,/mtm/juleber.html
493,Juluca,/juluca.html
494,Junel,/pro/junel.html
495,Junel 1.5/30,/cons/junel-1-5-30.html
496,Junel 1/20,/cons/junel-1-20.html
497,Junel Fe 24,/pro/junel-fe-24.html
498,Juvederm,/juvederm.html
499,Juxtapid,/juxtapid.html
500,Jynarque,/mtm/jynarque.html
501,Jynneos,/jynneos.html
502,K-Dur,/k-dur.html
503,K-Tab,/pro/k-tab.html
504,Kadcyla,/kadcyla.html
505,kalbitor,/kalbitor.html
506,Kaletra,/kaletra.html
507,Kanamycin,/cons/kanamycin.html
508,Kantrex,/cons/kantrex.html
509,Kaopectate,/mtm/kaopectate.html
510,Kava,/npc/kava.html
511,Kayexalate,/mtm/kayexalate.html
512,Keflex,/keflex.html
513,Kenalog,/kenalog.html
514,Kenalog-40,/kenalog-40.html
515,Keppra,/keppra.html
516,Keppra XR,/cons/keppra-xr.html
517,Kerasal,/mtm/kerasal.html
518,Kerendia,/kerendia.html
519,Kesimpta,/kesimpta.html
520,Ketalar,/mtm/ketalar.html
521,Ketamine,/ketamine.html
522,Ketoconazole,/mtm/ketoconazole.html
523,Ketoconazole topical,/mtm/ketoconazole-topical.html
524,Ketoprofen,/mtm/ketoprofen.html
525,Ketorolac,/pro/ketorolac.html
526,Ketorolac ophthalmic,/mtm/ketorolac-ophthalmic.html
527,Ketorolac Tromethamine,/pro/ketorolac-tromethamine.html
528,Ketotifen,/monograph/ketotifen.html
529,Ketotifen ophthalmic,/mtm/ketotifen-ophthalmic.html
530,Kevzara,/kevzara.html
531,Keytruda,/keytruda.html
532,Kineret,/kineret.html
533,Kisqali,/kisqali.html
534,Kisunla,/kisunla.html
535,Klonopin,/klonopin.html
536,Klor-Con,/klor-con.html
537,Kratom,/kratom.html
538,Krill Oil,/krill-oil.html
539,Kristalose,/cons/kristalose.html
540,Krystexxa,/krystexxa.html
541,Kyleena,/kyleena.html
542,Kynmobi,/kynmobi.html
543,Kyprolis,/kyprolis.html
544,Labetalol,/mtm/labetalol.html
545,Lacosamide,/pro/lacosamide.html
546,Lactulose,/mtm/lactulose.html
547,Lagevrio,/mtm/lagevrio.html
548,Lamictal,/lamictal.html
549,Lamotrigine,/mtm/lamotrigine.html
550,Lanadelumab,/lanadelumab.html
551,Lansoprazole,/lansoprazole.html
552,Lantus,/lantus.html
553,Lasix,/lasix.html
554,Latanoprost,/cons/latanoprost.html
555,Latuda,/latuda.html
556,Leflunomide,/mtm/leflunomide.html
557,Lenvatinib,/lenvatinib.html
558,Lenvima,/lenvima.html
559,Leqembi,/leqembi.html
560,Letrozole,/mtm/letrozole.html
561,Leukeran,/mtm/leukeran.html
562,Leuprolide,/leuprolide.html
563,Levaquin,/levaquin.html
564,Levemir,/levemir.html
565,Levetiracetam,/pro/levetiracetam.html
566,Levocetirizine,/levocetirizine.html
567,Levodopa,/mtm/levodopa-inhalation.html
568,Levofloxacin,/levofloxacin.html
569,Levothyroxine,/levothyroxine.html
570,Lexapro,/lexapro.html
571,Lexette,/lexette.html
572,Lialda,/lialda.html
573,Lidex,/cons/lidex.html
574,Lidocaine,/pro/lidocaine.html
575,Liletta,/liletta.html
576,Linezolid,/monograph/linezolid.html
577,Linzess,/linzess.html
578,Liothyronine,/mtm/liothyronine.html
579,Lipitor,/lipitor.html
580,Liraglutide,/mtm/liraglutide.html
581,Lisdexamfetamine,/mtm/lisdexamfetamine.html
582,Lisinopril,/lisinopril.html
583,Lithium,/lithium.html
584,Loestrin 24 Fe,/lo-loestrin-fe.html
585,Lofexidine,/lofexidine.html
586,Lokelma,/mtm/lokelma.html
587,Lomotil,/mtm/lomotil.html
588,Loperamide,/loperamide.html
589,Lopressor,/pro/lopressor.html
590,Loratadine,/loratadine.html
591,Lorazepam,/lorazepam.html
592,Lorlatinib,/lorlatinib.html
593,Losartan,/losartan.html
594,Lovastatin,/mtm/lovastatin.html
595,Lovenox,/lovenox.html
596,Lunesta,/lunesta.html
597,Lupron Depot,/lupron.html
598,Lurasidone,/mtm/lurasidone.html
599,Luxiq,/mtm/luxiq.html
600,Lyrica,/lyrica.html
601,Lyumjev,/lyumjev.html
602,Macrobid,/macrobid.html
603,Magnesium oxide,/mtm/magnesium-oxide.html
604,Magnesium sulfate,/mtm/magnesium-sulfate.html
605,Mavenclad,/mavenclad.html
606,Mavyret,/mavyret.html
607,Mayzent,/mayzent.html
608,Meclizine,/meclizine.html
609,Medrol,/mtm/medrol.html
610,Megestrol,/mtm/megestrol.html
611,Melatonin,/melatonin.html
612,Meloxicam,/meloxicam.html
613,Memantine,/memantine.html
614,Meropenem,/mtm/meropenem.html
615,Mesalamine,/mesalamine.html
616,Metformin,/metformin.html
617,Methadone,/methadone.html
618,Methimazole,/mtm/methimazole.html
619,Methocarbamol,/methocarbamol.html
620,Methotrexate,/methotrexate.html
621,Methylphenidate,/methylphenidate.html
622,Methylprednisolone,/methylprednisolone.html
623,Metoclopramide,/metoclopramide.html
624,Metolazone,/mtm/metolazone.html
625,Metoprolol,/metoprolol.html
626,Metoprolol Succinate,/pro/metoprolol-succinate.html
627,Metronidazole,/metronidazole.html
628,Midazolam,/mtm/midazolam.html
629,Midodrine,/mtm/midodrine.html
630,Minoxidil,/minoxidil.html
631,Mirabegron,/mtm/mirabegron.html
632,MiraLAX,/miralax.html
633,Mirtazapine,/mirtazapine.html
634,Mobic,/mobic.html
635,Modafinil,/mtm/modafinil.html
636,Montelukast,/montelukast.html
637,Morphine,/morphine.html
638,Motrin,/pro/motrin.html
639,Mounjaro,/mounjaro.html
640,Moxifloxacin,/monograph/moxifloxacin.html
641,Mucinex,/mucinex.html
642,Mupirocin,/pro/mupirocin.html
643,Mycapssa,/mycapssa.html
644,Mycophenolate mofetil,/cons/mycophenolate-mofetil.html
645,Myfembree,/myfembree.html
646,Mylotarg,/mylotarg.html
647,Myrbetriq,/myrbetriq.html
648,Nabumetone,/mtm/nabumetone.html
649,NAC,/mtm/nac.html
650,Nadolol,/mtm/nadolol.html
651,Naloxone,/naloxone.html
652,Naltrexone,/naltrexone.html
653,Namenda,/namenda.html
654,Naprosyn,/naprosyn.html
655,Naproxen,/naproxen.html
656,Narcan,/narcan.html
657,Nateglinide,/mtm/nateglinide.html
658,Nayzilam,/nayzilam.html
659,Nebivolol,/mtm/nebivolol.html
660,Neomycin,/mtm/neomycin.html
661,Neosporin,/cons/neosporin.html
662,Nerlynx,/nerlynx.html
663,Neupro,/neupro.html
664,Neurontin,/neurontin.html
665,Nexium,/nexium.html
666,Nexletol,/nexletol.html
667,Nexlizet,/nexlizet.html
668,Nexplanon,/nexplanon.html
669,Niacin,/niacin.html
670,Nicardipine,/pro/nicardipine.html
671,Nicotine,/monograph/nicotine.html
672,Nifedipine,/nifedipine.html
673,Nilandron,/mtm/nilandron.html
674,Nilutamide,/mtm/nilutamide.html
675,Ninlaro,/ninlaro.html
676,Nitazoxanide,/mtm/nitazoxanide.html
677,Nitrofurantoin,/nitrofurantoin.html
678,Nitroglycerin,/monograph/nitroglycerin.html
679,Nitrostat,/nitrostat.html
680,Nivolumab,/nivolumab.html
681,Norco,/norco.html
682,Norepinephrine,/mtm/norepinephrine.html
683,Norethindrone,/mtm/norethindrone.html
684,Norflex,/mtm/norflex.html
685,Nortriptyline,/nortriptyline.html
686,Norvasc,/norvasc.html
687,Nourianz,/nourianz.html
688,Novolin N,/mtm/novolin-n.html
689,NovoLog,/novolog.html
690,NP Thyroid,/mtm/np-thyroid.html
691,NPlate,/nplate.html
692,Nubeqa,/nubeqa.html
693,Nurtec ODT,/nurtec-odt.html
694,NuvaRing,/nuvaring.html
695,Nuvigil,/nuvigil.html
696,Nystatin,/mtm/nystatin.html
697,Nystatin topical,/mtm/nystatin-topical.html
698,Ocella,/mtm/ocella.html
699,Ocrevus,/ocrevus.html
700,Octreotide,/pro/octreotide.html
701,Ofev,/ofev.html
702,Ofloxacin,/mtm/ofloxacin.html
703,Ofloxacin ophthalmic,/mtm/ofloxacin-ophthalmic.html
704,Ofloxacin otic,/mtm/ofloxacin-otic.html
705,Ojjaara,/ojjaara.html
706,Olanzapine,/olanzapine.html
707,Olaparib,/olaparib.html
708,Olmesartan,/mtm/olmesartan.html
709,Olopatadine,/monograph/olopatadine.html
710,Olopatadine nasal,/mtm/olopatadine-nasal.html
711,Olopatadine ophthalmic,/mtm/olopatadine-ophthalmic.html
712,Olumiant,/olumiant.html
713,Olux,/mtm/olux.html
714,Omalizumab,/omalizumab.html
715,Omega-3,/mtm/omega-3.html
716,Omega-3 Fish Oil,/mtm/omega-3-fish-oil.html
717,Omeprazole,/omeprazole.html
718,Omnicef,/omnicef.html
719,Ondansetron,/ondansetron.html
720,Onfi,/onfi.html
721,Ongentys,/ongentys.html
722,Onureg,/onureg.html
723,Opdivo,/opdivo.html
724,Opill,/opill.html
725,Opzelura,/opzelura.html
726,Orencia,/orencia.html
727,Orgovyx,/orgovyx.html
728,Oriahnn,/oriahnn.html
729,Orladeyo,/orladeyo.html
730,Orlistat,/orlistat.html
731,Orphenadrine,/mtm/orphenadrine.html
732,Oseltamivir,/oseltamivir.html
733,Osimertinib,/mtm/osimertinib.html
734,Otezla,/otezla.html
735,Oxaliplatin,/oxaliplatin.html
736,Oxazepam,/mtm/oxazepam.html
737,Oxcarbazepine,/mtm/oxcarbazepine.html
738,Oxtella XR,/oxtellar-xr.html
739,Oxybutynin,/oxybutynin.html
740,Oxycodone,/oxycodone.html
741,Oxycontin,/oxycontin.html
742,Oxygen,/pro/oxygen.html
743,Oxymetazoline,/monograph/oxymetazoline.html
744,Oxymetazoline nasal,/mtm/oxymetazoline-nasal.html
745,Oxytocin,/mtm/oxytocin.html
746,Ozanimod,/ozanimod.html
747,Ozempic,/ozempic.html
748,Pantoprazole,/pantoprazole.html
749,Paracetamol,/paracetamol.html
750,Paragard,/paragard.html
751,Paroxetine,/paroxetine.html
752,Paxil,/paxil.html
753,Paxlovid,/paxlovid.html
754,Pentasa,/pentasa.html
755,Pepcid,/pepcid.html
756,Percocet,/percocet.html
757,Phenazopyridine,/mtm/phenazopyridine.html
758,Phenergan,/phenergan.html
759,Phenobarbital,/mtm/phenobarbital.html
760,Phentermine,/phentermine.html
761,Phenylephrine,/phenylephrine.html
762,Phenytoin,/phenytoin.html
763,Phexxi,/phexxi.html
764,Pioglitazone,/mtm/pioglitazone.html
765,Piperacillin and tazobactam,/mtm/piperacillin-and-tazobactam.html
766,Plan B,/plan-b.html
767,Plaquenil,/plaquenil.html
768,Plavix,/plavix.html
769,Polyethylene glycol 3350,/mtm/polyethylene-glycol-3350.html
770,Potassium Chloride,/potassium_chloride.html
771,Pradaxa,/pradaxa.html
772,Praluent,/praluent.html
773,Pramipexole,/mtm/pramipexole.html
774,Pravastatin,/pravastatin.html
775,Prazosin,/mtm/prazosin.html
776,Prednisolone,/prednisolone.html
777,Prednisone,/prednisone.html
778,Pregabalin,/pregabalin.html
779,Premarin,/premarin.html
780,Prilosec,/prilosec.html
781,Primidone,/mtm/primidone.html
782,Pristiq,/pristiq.html
783,Probuphine,/probuphine.html
784,Prochlorperazine,/pro/prochlorperazine.html
785,Progesterone,/progesterone.html
786,Prolia,/prolia.html
787,Promacta,/promacta.html
788,Promethazine,/promethazine.html
789,Propranolol,/propranolol.html
790,Proscar,/proscar.html
791,Protonix,/protonix.html
792,Provenge,/provenge.html
793,Provigil,/provigil.html
794,Prozac,/prozac.html
795,Pseudoephedrine,/pseudoephedrine.html
796,Pyridium,/pyridium.html
797,Qalsody,/qalsody.html
798,Qbrelis,/mtm/qbrelis.html
799,Qbrexza,/cons/qbrexza.html
800,Qelbree,/qelbree.html
801,Qinlock,/qinlock.html
802,Qlosi,/qlosi.html
803,QNASL,/qnasl.html
804,Qsymia,/qsymia.html
805,Qualaquin,/mtm/qualaquin.html
806,Quassia,/npp/quassia.html
807,Quazepam,/mtm/quazepam.html
808,Quercetin,/npc/quercetin.html
809,Questran,/mtm/questran.html
810,Questran Light,/mtm/questran-light.html
811,Quetiapine,/quetiapine.html
812,QuilliChew ER,/quillichew-er.html
813,Quillivant XR,/quillivant-xr.html
814,Quinapril,/mtm/quinapril.html
815,Quinidine,/mtm/quinidine.html
816,Quinine,/mtm/quinine.html
817,Quizartinib,/mtm/quizartinib.html
818,Qulipta,/qulipta.html
819,Qutenza,/qutenza.html
820,Quviviq,/quviviq.html
821,Qvar,/cons/qvar.html
822,Qvar Redihaler,/mtm/qvar-redihaler.html
823,Rabeprazole,/mtm/rabeprazole.html
824,Raloxifene,/mtm/raloxifene.html
825,Ramelteon,/mtm/ramelteon.html
826,Ramipril,/ramipril.html
827,Ranexa,/ranexa.html
828,Ranitidine,/ranitidine.html
829,Ranolazine,/mtm/ranolazine.html
830,Rapamune,/rapamune.html
831,Rebif,/rebif.html
832,Reclast,/reclast.html
833,Reglan,/reglan.html
834,Relafen,/relafen.html
835,Relugolix,/relugolix.html
836,Remdesivir,/mtm/remdesivir.html
837,Remeron,/remeron.html
838,Remicade,/remicade.html
839,Renflexis,/renflexis.html
840,Renvela,/renvela.html
841,Repaglinide,/mtm/repaglinide.html
842,Repatha,/repatha.html
843,Requip,/requip.html
844,Restasis,/restasis.html
845,Restoril,/restoril.html
846,Retevmo,/retevmo.html
847,Revlimid,/revlimid.html
848,Rexulti,/rexulti.html
849,Reyvow,/reyvow.html
850,Rifampin,/mtm/rifampin.html
851,Rifaximin,/mtm/rifaximin.html
852,Rimegepant,/rimegepant.html
853,Rinvoq,/rinvoq.html
854,Risdiplam,/mtm/risdiplam.html
855,Risperdal,/risperdal.html
856,Risperidone,/risperidone.html
857,Ritalin,/ritalin.html
858,Rituxan,/rituxan.html
859,Rituxan Hycela,/rituxan-hycela.html
860,Rituximab,/rituximab.html
861,Rivaroxaban,/mtm/rivaroxaban.html
862,Rivastigmine,/mtm/rivastigmine.html
863,Rizatriptan,/mtm/rizatriptan.html
864,Robaxin,/robaxin.html
865,Robitussin,/robitussin.html
866,Rocephin,/rocephin.html
867,Roflumilast,/mtm/roflumilast.html
868,Ropinirole,/mtm/ropinirole.html
869,Rosuvastatin,/rosuvastatin.html
870,Rowasa,/rowasa.html
871,Ruconest,/ruconest.html
872,Rybelsus,/rybelsus.html
873,Rydapt,/rydapt.html
874,Rytary,/rytary.html
875,Sabril,/sabril.html
876,Sacubitril and valsartan,/mtm/sacubitril-and-valsartan.html
877,Salbutamol,/salbutamol.html
878,Sandostatin,/sandostatin.html
879,Saphnelo,/saphnelo.html
880,Saxenda,/saxenda.html
881,Scopolamine,/cons/scopolamine.html
882,Semaglutide,/semaglutide.html
883,Senna,/senna.html
884,Senokot,/mtm/senokot.html
885,Sernivo,/sernivo.html
886,Seroquel,/seroquel.html
887,Sertraline,/sertraline.html
888,Sevelamer,/mtm/sevelamer.html
889,Shingrix,/shingrix.html
890,Sildenafil,/sildenafil.html
891,Silodosin,/mtm/silodosin.html
892,Simethicone,/mtm/simethicone.html
893,Simponi,/simponi.html
894,Simvastatin,/simvastatin.html
895,Sinemet,/sinemet.html
896,Singulair,/singulair.html
897,Sitagliptin,/mtm/sitagliptin.html
898,Skyrizi,/skyrizi.html
899,Sodium bicarbonate,/mtm/sodium-bicarbonate.html
900,Sodium Chloride,/monograph/sodium-chloride.html
901,Sofosbuvir,/sofosbuvir.html
902,Solifenacin,/mtm/solifenacin.html
903,Soliqua,/soliqua.html
904,Soliris,/soliris.html
905,SoluMEDROL,/cons/solumedrol.html
906,Soma,/soma.html
907,Somatuline Depot,/somatuline-depot.html
908,Somavert,/somavert.html
909,Sotalol,/sotalol.html
910,Sovaldi,/sovaldi.html
911,Spinraza,/spinraza.html
912,Spiriva,/spiriva.html
913,Spironolactone,/spironolactone.html
914,Sprycel,/sprycel.html
915,Stelara,/stelara.html
916,Stiolto Respimat,/stiolto-respimat.html
917,Strattera,/strattera.html
918,Stribild,/stribild.html
919,Sublocade,/sublocade.html
920,Suboxone,/suboxone.html
921,Sucralfate,/mtm/sucralfate.html
922,Sudafed,/sudafed.html
923,Sulfamethoxazole and trimethoprim,/mtm/sulfamethoxazole-and-trimethoprim.html
924,Sulfasalazine,/sulfasalazine.html
925,Sumatriptan,/pro/sumatriptan.html
926,Sunosi,/sunosi.html
927,Supprelin LA,/cdi/supprelin-la.html
928,Sutent,/sutent.html
929,Syfovre,/syfovre.html
930,Symbicort,/symbicort.html
931,Sympazan,/sympazan.html
932,Synjardy,/synjardy.html
933,Synthroid,/synthroid.html
934,Tacrolimus,/pro/tacrolimus.html
935,Tadalafil,/tadalafil.html
936,Takhzyro,/takhzyro.html
937,Taltz,/taltz.html
938,Tamiflu,/tamiflu.html
939,Tamoxifen,/tamoxifen.html
940,Tamsulosin,/tamsulosin.html
941,Tazarotene,/tazarotene-topical.html
942,Tazorac,/tazorac.html
943,Tecartus,/tecartus.html
944,Tecentriq,/tecentriq.html
945,Tecfidera,/tecfidera.html
946,Tecvayli,/tecvayli.html
947,Tegretol,/tegretol.html
948,Telmisartan,/mtm/telmisartan.html
949,Temazepam,/temazepam.html
950,Temovate,/mtm/temovate.html
951,Tenormin,/tenormin.html
952,Tepezza,/tepezza.html
953,Terazosin,/terazosin.html
954,Terbinafine,/mtm/terbinafine.html
955,Testosterone,/testosterone.html
956,Tetracycline,/tetracycline.html
957,Theophylline,/mtm/theophylline.html
958,Thiamine,/mtm/thiamine.html
959,Tibsovo,/tibsovo.html
960,Timolol,/mtm/timolol.html
961,Tiotropium,/cons/tiotropium.html
962,Tirzepatide,/tirzepatide.html
963,Tizanidine,/tizanidine.html
964,Tolterodine,/mtm/tolterodine.html
965,Topamax,/topamax.html
966,Topiramate,/mtm/topiramate.html
967,Toprol XL,/toprol.html
968,Toradol,/toradol.html
969,Torsemide,/mtm/torsemide.html
970,Toujeo,/toujeo.html
971,Tradjenta,/tradjenta.html
972,Tramadol,/tramadol.html
973,Tranexamic acid,/mtm/tranexamic-acid.html
974,Trazodone,/trazodone.html
975,Treanda,/treanda.html
976,Trelegy Ellipta,/trelegy-ellipta.html
977,Trelstar,/trelstar.html
978,Tremfya,/tremfya.html
979,Tresiba,/pro/tresiba.html
980,Tretinoin,/tretinoin.html
981,Triamcinolone,/triamcinolone.html
982,Triamterene,/triamterene.html
983,Trileptal,/trileptal.html
984,Trimethoprim,/mtm/trimethoprim.html
985,Trintellix,/trintellix.html
986,Triptorelin,/triptorelin.html
987,Triumeq,/triumeq.html
988,Trokendi XR,/trokendi-xr.html
989,Trulicity,/pro/trulicity.html
990,Truqap,/truqap.html
991,Truxima,/truxima.html
992,Twirla,/twirla.html
993,Tylenol,/tylenol.html
994,Tyrvaya,/tyrvaya.html
995,Tysabri,/tysabri.html
996,Ubiquinone,/npp/ubiquinone.html
997,Ubrelvy,/ubrelvy.html
998,Ubrogepant,/ubrogepant.html
999,Uceris,/uceris.html
1000,Udenyca,/mtm/udenyca.html
1001,Ulipristal,/mtm/ulipristal.html
1002,Uloric,/uloric.html
1003,Ultomiris,/ultomiris.html
1004,Ultracet,/ultracet.html
1005,Ultram,/ultram.html
1006,Ultram ER,/mtm/ultram-er.html
1007,Ultravate,/mtm/ultravate.html
1008,Umeclidinium,/mtm/umeclidinium.html
1009,Umeclidinium and vilanterol,/mtm/umeclidinium-and-vilanterol.html
1010,Unasyn,/mtm/unasyn.html
1011,Undecylenic acid,/cons/undecylenic-acid.html
1012,Unisom,/mtm/unisom.html
1013,Unisom Sleep Gels,/mtm/unisom-sleep-gels.html
1014,Unithroid,/cons/unithroid.html
1015,Up and Up Anti-Diarrheal Solution,/pro/up-and-up-anti-diarrheal-solution.html
1016,Upadacitinib,/upadacitinib.html
1017,Uplizna,/uplizna.html
1018,Upneeq,/mtm/upneeq.html
1019,Uptravi,/uptravi.html
1020,Urea,/cons/urea.html
1021,Urea Cream,/pro/urea-cream.html
1022,Urea topical,/mtm/urea-topical.html
1023,Urecholine,/mtm/urecholine.html
1024,Uribel,/mtm/uribel.html
1025,Urispas,/mtm/urispas.html
1026,Uro-MP,/mtm/uro-mp.html
1027,Urocit-K,/mtm/urocit-k.html
1028,Urogesic-Blue,/mtm/urogesic-blue.html
1029,Urokinase,/mtm/urokinase.html
1030,Uroxatral,/uroxatral.html
1031,Urso,/cons/urso.html
1032,Ursodiol,/mtm/ursodiol.html
1033,Ustekinumab,/ustekinumab.html
1034,Uva Ursi,/npp/uva-ursi.html
1035,Uzedy,/uzedy.html
1036,Valacyclovir,/valacyclovir.html
1037,Valcyte,/mtm/valcyte.html
1038,Valium,/valium.html
1039,Valproate Sodium,/mtm/valproate-sodium.html
1040,Valproic acid,/mtm/valproic-acid.html
1041,Valsartan,/valsartan.html
1042,Valtoco,/valtoco.html
1043,Valtrex,/valtrex.html
1044,Vancomycin,/vancomycin.html
1045,Vanos,/mtm/vanos.html
1046,Varenicline,/varenicline.html
1047,Vascepa,/vascepa.html
1048,Velcade,/velcade.html
1049,Venclexta,/venclexta.html
1050,Venlafaxine,/venlafaxine.html
1051,Venofer,/venofer.html
1052,Ventolin,/pro/ventolin.html
1053,Ventolin HFA,/ventolin.html
1054,Veozah,/veozah.html
1055,Verapamil,/verapamil.html
1056,Versed,/mtm/versed.html
1057,Verzenio,/verzenio.html
1058,VESIcare,/vesicare.html
1059,Viagra,/viagra.html
1060,Vibramycin,/pro/vibramycin.html
1061,Vicodin,/vicodin.html
1062,Victoza,/victoza.html
1063,Viibryd,/viibryd.html
1064,Vilazodone,/mtm/vilazodone.html
1065,Vimpat,/vimpat.html
1066,Vincristine,/mtm/vincristine.html
1067,Vistaril,/vistaril.html
1068,Vitamin B12,/monograph/vitamin-b12.html
1069,Vitamin C,/mtm/vitamin-c.html
1070,Vitamin D,/vitamin-d.html
1071,Vitamin D3,/mtm/vitamin-d3.html
1072,Vitamin E,/vitamin_e.html
1073,Vivitrol,/vivitrol.html
1074,Voltaren,/voltaren.html
1075,Voltaren Arthritis Pain Gel,/voltaren-gel.html
1076,Vonjo,/vonjo.html
1077,Voquezna,/voquezna.html
1078,Voriconazole,/pro/voriconazole.html
1079,Vortioxetine,/vortioxetine.html
1080,Vosevi,/vosevi.html
1081,Votrient,/votrient.html
1082,Voydeya,/voydeya.html
1083,Vraylar,/vraylar.html
1084,Vyepti,/vyepti.html
1085,Vyndamax,/vyndamax.html
1086,Vyvanse,/vyvanse.html
1087,Wakix,/wakix.html
1088,Warfarin,/warfarin.html
1089,Wart Remover,/mtm/wart-remover.html
1090,Wart Stick,/mtm/wart-stick.html
1091,Water for Injection,/pro/water-for-injection.html
1092,Wegovy,/wegovy.html
1093,Welchol,/mtm/welchol.html
1094,Welireg,/welireg.html
1095,Wellbutrin,/wellbutrin.html
1096,Wellbutrin SR,/mtm/wellbutrin-sr.html
1097,Wellbutrin XL,/mtm/wellbutrin-xl.html
1098,Westcort,/pro/westcort.html
1099,Westhroid,/mtm/westhroid.html
1100,Wezlana,/wezlana.html
1101,White Mulberry,/npp/white-mulberry.html
1102,Willow Bark,/npp/willow-bark.html
1103,Winlevi,/winlevi.html
1104,Winrevair,/winrevair.html
1105,WinRho,/pro/winrho.html
1106,Wintergreen,/npp/wintergreen.html
1107,Witch Hazel,/npp/witch-hazel.html
1108,Witch hazel topical,/mtm/witch-hazel-topical.html
1109,Wixela Inhub,/pro/wixela-inhub.html
1110,Wormwood,/npp/wormwood.html
1111,WP Thyroid,/mtm/wp-thyroid.html
1112,Wynzora,/wynzora.html
1113,Xaciato,/cons/xaciato.html
1114,Xadago,/xadago.html
1115,Xalatan,/xalatan.html
1116,Xanax,/xanax.html
1117,Xanax XR,/xanax_xr.html
1118,Xarelto,/xarelto.html
1119,Xcopri,/xcopri.html
1120,Xeljanz,/xeljanz.html
1121,Xeloda,/xeloda.html
1122,Xelstrym,/xelstrym.html
1123,Xembify,/pro/xembify.html
1124,Xenazine,/xenazine.html
1125,Xenical,/xenical.html
1126,Xeomin,/xeomin.html
1127,Xerava,/mtm/xerava.html
1128,Xermelo,/xermelo.html
1129,Xgeva,/xgeva.html
1130,Xhance,/pro/xhance.html
1131,Xiaflex,/xiaflex.html
1132,Xifaxan,/xifaxan.html
1133,Xigduo XR,/xigduo-xr.html
1134,Xiidra,/xiidra.html
1135,Xofigo,/xofigo.html
1136,Xofluza,/xofluza.html
1137,Xolair,/xolair.html
1138,Xopenex,/xopenex.html
1139,Xopenex HFA,/mtm/xopenex-hfa.html
1140,Xospata,/xospata.html
1141,Xphozah,/xphozah.html
1142,Xtampza ER,/xtampza-er.html
1143,Xtandi,/xtandi.html
1144,Xulane,/xulane.html
1145,Xultophy,/xultophy.html
1146,Xylitol,/npp/xylitol.html
1147,Xylocaine,/pro/xylocaine.html
1148,Xylocaine Jelly,/pro/xylocaine-jelly.html
1149,Xyosted,/xyosted.html
1150,Xyrem,/xyrem.html
1151,Xywav,/xywav.html
1152,Xyzal,/xyzal.html
1153,Y-90 Zevalin,/mtm/y-90-zevalin.html
1154,Yasmin,/yasmin.html
1155,Yaz,/yaz.html
1156,Ycanth,/ycanth.html
1157,Yellow fever vaccine,/mtm/yellow-fever-vaccine.html
1158,Yerba Santa,/npp/yerba-santa.html
1159,Yervoy,/yervoy.html
1160,Yescarta,/yescarta.html
1161,Yimmugo,/yimmugo.html
1162,Yohimbe,/npc/yohimbe.html
1163,Yohimbine,/cons/yohimbine.html
1164,Yondelis,/yondelis.html
1165,Yonsa,/mtm/yonsa.html
1166,Yorvipath,/yorvipath.html
1167,Yuflyma,/yuflyma.html
1168,Yupelri,/yupelri.html
1169,Yusimry,/yusimry.html
1170,Yuvafem,/pro/yuvafem.html
1171,Zaleplon,/mtm/zaleplon.html
1172,Zanaflex,/zanaflex.html
1173,Zantac,/zantac.html
1174,Zanubrutinib,/zanubrutinib.html
1175,Zarxio,/zarxio.html
1176,Zavzpret,/zavzpret.html
1177,Zebeta,/zebeta.html
1178,Zegalogue,/zegalogue.html
1179,Zenpep,/zenpep.html
1180,Zepbound,/zepbound.html
1181,Zeposia,/zeposia.html
1182,Zestril,/zestril.html
1183,Zetia,/zetia.html
1184,Zidovudine,/pro/zidovudine.html
1185,Zilbrysq,/zilbrysq.html
1186,Zinc,/mtm/zinc.html
1187,Zinc gluconate,/mtm/zinc-gluconate.html
1188,Zinc oxide topical,/mtm/zinc-oxide-topical.html
1189,Zinc sulfate,/mtm/zinc-sulfate.html
1190,Ziprasidone,/mtm/ziprasidone.html
1191,Zithromax,/zithromax.html
1192,Zocor,/zocor.html
1193,Zofran,/zofran.html
1194,Zofran ODT,/mtm/zofran-odt.html
1195,Zoladex,/zoladex.html
1196,Zoledronic acid,/mtm/zoledronic-acid.html
1197,Zolmitriptan,/mtm/zolmitriptan.html
1198,Zoloft,/zoloft.html
1199,Zolpidem,/zolpidem.html
1200,Zometa,/zometa.html
1201,Zomig,/zomig.html
1202,Zonegran,/zonegran.html
1203,Zonisamide,/mtm/zonisamide.html
1204,Zopiclone,/zopiclone.html
1205,Zoryve,/zoryve.html
1206,Zosyn,/zosyn.html
1207,Zovirax,/zovirax.html
1208,Zydelig,/zydelig.html
1209,Zykadia,/zykadia.html
1210,Zyloprim,/cons/zyloprim.html
1211,Zyprexa,/zyprexa.html
1212,Zyrtec,/zyrtec.html
1213,Zytiga,/zytiga.html
1214,Zyvox,/zyvox.html
1215,ZzzQuil,/mtm/zzzquil.html
